Symbol,Series,Date,Prev Close,Open Price,High Price,Low Price,Last Price,Close Price,Average Price,Total Traded Quantity,Turnover,No. of Trades,Deliverable Qty,% Dly Qt to Traded Qty
MINDAIND,EQ,15-May-2017,495.65,495.95,522.0,495.9,522.0,517.9,514.9,110264,56774826.35,3648,68819,62.41
MINDAIND,EQ,16-May-2017,517.9,523.7,568.0,500.1,551.0,545.6,543.53,1185514,644366847.3,28000,220287,18.58
MINDAIND,EQ,17-May-2017,545.6,555.0,571.0,541.15,559.0,560.1,558.38,465042,259668618.65,14208,181463,39.02
MINDAIND,EQ,18-May-2017,560.1,556.95,558.0,542.2,547.0,545.25,551.99,90333,49863139.2,3951,47989,53.12
MINDAIND,EQ,19-May-2017,545.25,549.7,588.8,547.0,560.0,560.8,568.56,371398,211163187.55,10466,184909,49.79
MINDAIND,EQ,22-May-2017,560.8,563.0,576.4,560.0,565.05,564.05,567.88,138675,78750999.4,4642,67056,48.35
MINDAIND,EQ,23-May-2017,564.05,569.0,569.9,535.8,551.1,552.9,549.15,106114,58272252.6,5351,54683,51.53
MINDAIND,EQ,24-May-2017,552.9,558.85,574.0,549.95,558.7,555.55,562.32,105480,59313137.2,5337,45363,43.01
MINDAIND,EQ,25-May-2017,555.55,553.45,571.0,553.45,571.0,568.9,565.53,49019,27721802.15,2056,26919,54.92
MINDAIND,EQ,26-May-2017,568.9,574.3,607.0,568.55,597.0,596.15,593.38,168413,99932532.45,8374,62260,36.97
MINDAIND,EQ,29-May-2017,596.15,601.45,618.8,595.1,611.0,607.2,607.32,126105,76585904.5,4735,56431,44.75
MINDAIND,EQ,30-May-2017,607.2,608.0,617.9,598.3,607.0,605.05,607.61,75919,46128924.85,3020,29392,38.71
MINDAIND,EQ,31-May-2017,605.05,608.0,633.4,606.55,629.05,627.3,622.77,98244,61183587.5,4743,40720,41.45
MINDAIND,EQ,01-Jun-2017,627.3,630.05,641.35,625.0,626.0,625.9,632.15,87292,55181660.25,3180,49236,56.4
MINDAIND,EQ,02-Jun-2017,625.9,630.0,630.0,610.0,620.05,619.3,622.43,65991,41074471.9,2733,33677,51.03
MINDAIND,EQ,05-Jun-2017,619.3,624.4,632.8,620.0,627.0,627.75,628.49,52506,32999356.05,3399,31827,60.62
MINDAIND,EQ,06-Jun-2017,627.75,627.7,630.0,615.55,623.1,628.7,627.35,37754,23684833.4,2704,22786,60.35
MINDAIND,EQ,07-Jun-2017,628.7,628.6,630.0,619.95,624.95,623.85,626.13,24800,15528010.35,2293,17173,69.25
MINDAIND,EQ,08-Jun-2017,623.85,626.25,648.45,618.3,618.3,621.8,632.23,100318,63423767.35,5144,59997,59.81
MINDAIND,EQ,09-Jun-2017,621.8,624.95,629.0,621.0,626.0,623.7,625.69,44349,27748719.55,2205,27165,61.25
MINDAIND,EQ,12-Jun-2017,623.7,617.05,623.9,593.55,600.0,597.85,602.3,167130,100663176.5,7564,109578,65.56
MINDAIND,EQ,13-Jun-2017,597.85,596.0,614.0,585.9,593.0,595.35,601.77,71121,42798559.4,5168,35392,49.76
MINDAIND,EQ,14-Jun-2017,595.35,595.4,606.4,594.05,596.5,596.4,599.97,44584,26749065.5,3946,29474,66.11
MINDAIND,EQ,15-Jun-2017,596.4,596.5,601.2,593.1,596.0,596.3,596.53,52101,31079662.95,2868,40841,78.39
MINDAIND,EQ,16-Jun-2017,596.3,597.1,598.35,586.7,591.0,591.15,591.1,56927,33649733.35,2913,36038,63.31
MINDAIND,EQ,19-Jun-2017,591.15,592.4,608.9,592.4,607.4,606.65,601.49,115564,69511025.55,2358,88525,76.6
MINDAIND,EQ,20-Jun-2017,606.65,609.85,612.5,600.9,607.0,607.15,608.19,37923,23064569.5,2267,18985,50.06
MINDAIND,EQ,21-Jun-2017,607.15,610.1,610.1,595.1,598.6,598.4,602.98,26194,15794531.8,2015,18328,69.97
MINDAIND,EQ,22-Jun-2017,598.4,598.6,608.0,596.65,600.0,598.55,600.7,42213,25357223.85,2340,23717,56.18
MINDAIND,EQ,23-Jun-2017,598.55,605.0,607.85,597.55,604.0,604.3,601.41,66166,39793094.1,5282,53321,80.59
MINDAIND,EQ,27-Jun-2017,604.3,607.0,609.0,598.0,599.0,600.45,601.8,28422,17104381.4,1093,21778,76.62
MINDAIND,EQ,28-Jun-2017,600.45,600.05,608.0,598.55,602.0,604.05,602.82,25552,15403229.75,1996,20774,81.3
MINDAIND,EQ,29-Jun-2017,604.05,608.0,631.15,607.0,628.8,628.25,622.97,89087,55498324.45,3341,58129,65.25
MINDAIND,EQ,30-Jun-2017,628.25,628.25,644.8,614.85,643.9,640.35,631.55,82339,52001214.65,5912,48439,58.83
MINDAIND,EQ,03-Jul-2017,640.35,646.2,660.25,631.55,655.0,652.65,654.44,133001,87040625.1,3866,85101,63.99
MINDAIND,EQ,04-Jul-2017,652.65,658.65,664.4,648.0,651.0,656.75,655.99,49092,32203722.2,2393,21934,44.68
MINDAIND,EQ,05-Jul-2017,656.75,651.05,687.35,651.05,670.0,671.8,669.53,338451,226603130.0,6716,221471,65.44
MINDAIND,EQ,06-Jul-2017,671.8,675.95,685.0,665.0,672.0,670.55,675.83,72103,48729196.2,3529,37727,52.32
MINDAIND,EQ,07-Jul-2017,670.55,673.0,677.95,650.4,672.75,670.7,668.41,47672,31864604.1,2527,24820,52.06
MINDAIND,EQ,10-Jul-2017,670.7,672.0,675.5,655.0,672.05,672.45,672.37,8188,5505349.4,262,6396,78.11
MINDAIND,EQ,11-Jul-2017,672.45,678.95,683.45,670.05,675.4,674.1,675.57,73258,49491056.55,4501,49472,67.53
MINDAIND,EQ,12-Jul-2017,674.1,676.95,685.0,674.0,681.0,680.2,679.89,40066,27240622.9,2591,26092,65.12
MINDAIND,EQ,13-Jul-2017,680.2,687.0,689.0,678.0,687.0,686.15,685.5,81173,55644446.75,2623,55153,67.95
MINDAIND,EQ,14-Jul-2017,686.15,687.0,689.0,674.0,683.8,682.55,680.44,40505,27561197.45,1900,28956,71.49
MINDAIND,EQ,17-Jul-2017,682.55,689.5,691.0,677.95,683.1,684.45,685.72,42025,28817388.05,1995,27154,64.61
MINDAIND,EQ,18-Jul-2017,684.45,685.0,687.0,658.15,670.0,667.9,674.51,58951,39762748.6,3014,36322,61.61
MINDAIND,EQ,19-Jul-2017,667.9,667.9,685.0,667.9,684.0,683.85,681.09,43362,29533548.7,1578,30465,70.26
MINDAIND,EQ,20-Jul-2017,683.85,682.0,710.0,680.0,705.4,705.95,703.92,131388,92486824.55,4331,75199,57.23
MINDAIND,EQ,21-Jul-2017,705.95,710.0,749.75,710.0,746.0,742.65,732.4,235365,172381862.0,8044,85626,36.38
MINDAIND,EQ,24-Jul-2017,742.65,752.7,784.4,745.0,766.0,759.65,764.88,302324,231243029.15,10863,155432,51.41
MINDAIND,EQ,25-Jul-2017,759.65,764.95,830.0,740.0,829.1,817.8,797.17,421455,335970477.5,11955,165229,39.2
MINDAIND,EQ,26-Jul-2017,817.8,832.0,845.0,763.4,777.0,776.7,806.06,551665,444677024.2,21595,205070,37.17
MINDAIND,EQ,27-Jul-2017,776.7,782.0,806.0,765.0,778.0,773.5,780.13,181573,141650340.4,9095,64238,35.38
MINDAIND,EQ,28-Jul-2017,773.5,771.5,790.0,755.0,782.0,785.5,777.63,90539,70405484.95,4452,36106,39.88
MINDAIND,EQ,31-Jul-2017,785.5,785.5,806.0,782.4,792.0,791.5,790.85,124635,98567893.2,4504,75642,60.69
MINDAIND,EQ,01-Aug-2017,791.5,797.95,797.95,776.5,779.15,780.55,785.58,56197,44146977.75,3511,33407,59.45
MINDAIND,EQ,02-Aug-2017,780.55,783.0,792.0,775.55,788.0,788.65,787.44,91590,72121395.4,3611,62674,68.43
MINDAIND,EQ,03-Aug-2017,788.65,788.0,791.8,773.0,776.1,778.4,782.73,86882,68005159.15,3010,58484,67.31
MINDAIND,EQ,04-Aug-2017,778.4,778.0,778.0,769.2,770.0,770.75,772.74,35126,27143429.35,1853,20601,58.65
MINDAIND,EQ,07-Aug-2017,770.75,775.0,775.0,759.0,762.0,762.0,761.78,140815,107270615.35,3001,116651,82.84
MINDAIND,EQ,08-Aug-2017,762.0,753.0,778.0,753.0,775.0,774.6,764.3,68336,52229375.05,4016,40470,59.22
MINDAIND,EQ,09-Aug-2017,774.6,774.0,786.7,762.5,773.3,776.35,775.58,443725,344145840.9,3300,382516,86.21
MINDAIND,EQ,10-Aug-2017,776.35,765.2,803.9,735.0,765.0,757.25,777.24,133491,103754227.65,6939,75495,56.55
MINDAIND,EQ,11-Aug-2017,757.25,730.0,770.7,725.0,754.3,755.1,749.56,89060,66755906.55,4022,50643,56.86
MINDAIND,EQ,14-Aug-2017,755.1,758.55,789.9,758.55,786.0,782.15,774.41,72926,56474323.85,2578,53573,73.46
MINDAIND,EQ,16-Aug-2017,782.15,794.9,806.6,783.05,798.0,799.85,794.98,69519,55265967.05,3559,40286,57.95
MINDAIND,EQ,17-Aug-2017,799.85,799.85,807.6,785.0,788.0,792.1,796.74,43350,34538695.55,2583,24087,55.56
MINDAIND,EQ,18-Aug-2017,792.1,786.75,787.1,770.55,781.2,780.05,779.67,180100,140417785.2,2969,158940,88.25
MINDAIND,EQ,21-Aug-2017,780.05,780.5,786.0,759.0,772.05,771.8,770.81,113138,87208081.9,4423,81107,71.69
MINDAIND,EQ,22-Aug-2017,771.8,773.0,780.0,769.0,773.5,773.4,773.12,49733,38449801.0,1054,40922,82.28
MINDAIND,EQ,23-Aug-2017,773.4,784.5,784.5,770.75,779.0,778.15,775.49,62719,48637918.05,1897,47350,75.5
MINDAIND,EQ,24-Aug-2017,778.15,787.35,787.35,777.0,779.8,778.8,781.3,15343,11987558.45,950,9548,62.23
MINDAIND,EQ,28-Aug-2017,778.8,787.0,808.0,785.0,800.0,800.1,799.09,68443,54692147.55,5959,45841,66.98
MINDAIND,EQ,29-Aug-2017,800.1,800.0,808.0,775.0,805.0,802.25,796.02,127771,101707737.5,5446,39185,30.67
MINDAIND,EQ,30-Aug-2017,802.25,811.0,839.0,808.2,827.35,825.0,825.59,176839,145996761.7,7498,80665,45.61
MINDAIND,EQ,31-Aug-2017,825.0,853.0,853.0,830.0,846.0,844.85,843.28,112679,95019665.45,5451,45776,40.63
MINDAIND,EQ,01-Sep-2017,844.85,846.0,891.0,845.1,878.0,877.55,875.61,201207,176178201.6,7824,75716,37.63
MINDAIND,EQ,04-Sep-2017,877.55,882.6,894.0,868.0,872.5,877.65,879.58,117648,103481360.45,6993,67856,57.68
MINDAIND,EQ,05-Sep-2017,877.65,882.6,884.7,870.5,879.9,875.05,877.96,97216,85351983.65,4413,68320,70.28
MINDAIND,EQ,06-Sep-2017,875.05,874.9,880.0,862.45,873.9,872.35,873.91,101735,88907342.4,3861,76149,74.85
MINDAIND,EQ,07-Sep-2017,872.35,876.0,884.45,863.05,865.3,866.3,871.65,62623,54585035.85,3690,41698,66.59
MINDAIND,EQ,08-Sep-2017,866.3,867.2,875.0,867.2,871.0,872.5,871.74,64574,56291891.75,2577,52283,80.97
MINDAIND,EQ,11-Sep-2017,872.5,878.95,884.75,871.0,879.9,876.45,874.17,164540,143835285.1,4264,126697,77.0
MINDAIND,EQ,12-Sep-2017,876.45,895.0,895.0,870.55,871.25,873.6,875.97,163500,143220449.4,2630,147063,89.95
MINDAIND,EQ,13-Sep-2017,873.6,878.9,880.0,858.0,863.4,864.95,875.14,535213,468386379.45,4738,461480,86.22
MINDAIND,EQ,14-Sep-2017,864.95,866.0,874.75,858.0,864.05,867.7,865.32,36917,31945127.4,2061,20367,55.17
MINDAIND,EQ,15-Sep-2017,867.7,864.95,874.75,852.85,872.0,868.15,862.5,57756,49814387.7,5326,31880,55.2
MINDAIND,EQ,18-Sep-2017,868.15,878.0,878.0,852.0,855.1,856.9,863.38,39477,34083802.55,1833,27495,69.65
MINDAIND,EQ,19-Sep-2017,856.9,856.9,868.1,850.0,865.75,863.0,861.83,41634,35881564.7,1580,26362,63.32
MINDAIND,EQ,20-Sep-2017,863.0,860.6,869.75,858.1,866.0,862.35,864.22,40951,35390537.65,1704,24356,59.48
MINDAIND,EQ,21-Sep-2017,862.35,868.3,868.3,850.0,862.0,860.05,860.18,78029,67118635.7,2641,59458,76.2
MINDAIND,EQ,22-Sep-2017,860.05,856.1,863.95,849.95,856.9,855.15,855.33,112990,96643538.15,3215,82968,73.43
MINDAIND,EQ,25-Sep-2017,855.15,850.6,850.75,816.0,833.0,833.15,829.01,187058,155073617.65,3213,148176,79.21
MINDAIND,EQ,26-Sep-2017,833.15,825.6,849.45,820.55,843.65,842.75,834.59,35986,30033432.15,1943,20087,55.82
MINDAIND,EQ,27-Sep-2017,842.75,848.0,860.05,821.0,827.0,826.85,835.14,94423,78856089.25,2482,75489,79.95
MINDAIND,EQ,28-Sep-2017,826.85,820.0,846.0,812.5,836.0,837.7,826.37,73756,60949505.7,4308,47882,64.92
MINDAIND,EQ,29-Sep-2017,837.7,848.8,850.5,818.4,832.0,828.25,828.88,67431,55891955.5,2336,44681,66.26
MINDAIND,EQ,03-Oct-2017,828.25,830.6,851.0,830.6,841.1,842.5,842.87,29443,24816767.3,1887,14874,50.52
MINDAIND,EQ,04-Oct-2017,842.5,840.0,863.9,837.95,860.0,858.5,854.96,37578,32127672.9,2286,19174,51.02
MINDAIND,EQ,05-Oct-2017,858.5,864.0,880.0,859.15,865.75,863.3,870.26,51715,45005620.15,2376,30563,59.1
MINDAIND,EQ,06-Oct-2017,863.3,870.0,882.0,836.2,854.75,856.2,867.37,149803,129935075.35,3857,52118,34.79
MINDAIND,EQ,09-Oct-2017,856.2,844.9,863.0,826.2,840.9,833.85,847.58,190284,161280717.45,5276,135450,71.18
MINDAIND,EQ,10-Oct-2017,833.85,838.4,855.0,815.05,815.05,818.3,821.96,124304,102172967.85,5216,88994,71.59
MINDAIND,EQ,11-Oct-2017,818.3,818.3,827.95,805.0,810.0,812.45,812.87,64751,52634346.3,2903,41853,64.64
MINDAIND,EQ,12-Oct-2017,812.45,812.0,822.0,802.8,817.0,816.65,807.63,113792,91901352.95,2454,83577,73.45
MINDAIND,EQ,13-Oct-2017,816.65,823.95,843.0,819.95,820.05,826.6,831.74,57976,48220887.0,2550,31000,53.47
MINDAIND,EQ,16-Oct-2017,826.6,834.45,840.0,826.6,838.0,836.5,832.5,79240,65967522.45,2698,46750,59.0
MINDAIND,EQ,17-Oct-2017,836.5,840.0,850.0,835.25,847.9,845.55,844.28,52031,43928532.75,2115,31794,61.11
MINDAIND,EQ,18-Oct-2017,845.55,845.0,846.85,835.0,840.0,838.0,840.95,42529,35764796.75,1715,26601,62.55
MINDAIND,EQ,19-Oct-2017,838.0,842.0,852.45,834.0,838.9,842.4,845.12,11893,10051064.3,778,6732,56.6
MINDAIND,EQ,23-Oct-2017,842.4,848.45,848.45,830.55,835.0,838.65,840.3,29919,25140932.4,2237,16711,55.85
MINDAIND,EQ,24-Oct-2017,838.65,844.0,844.0,813.5,816.0,823.7,827.62,24035,19891936.0,1635,15160,63.07
MINDAIND,EQ,25-Oct-2017,823.7,829.5,829.5,804.0,813.0,811.85,812.21,48717,39568307.75,2284,34093,69.98
MINDAIND,EQ,26-Oct-2017,811.85,814.9,838.9,813.0,830.2,832.7,829.5,38343,31805687.95,1809,22730,59.28
MINDAIND,EQ,27-Oct-2017,832.7,835.0,845.0,797.2,810.0,811.8,816.03,90253,73648867.05,3796,49976,55.37
MINDAIND,EQ,30-Oct-2017,811.8,820.1,829.45,814.9,824.45,819.95,823.39,58088,47828888.5,3032,39013,67.16
MINDAIND,EQ,31-Oct-2017,819.95,820.0,827.05,812.1,816.0,820.15,823.35,42087,34652257.45,2495,32498,77.22
MINDAIND,EQ,01-Nov-2017,820.15,824.6,890.0,821.05,889.95,886.55,873.13,259536,226609391.3,11010,121918,46.98
MINDAIND,EQ,02-Nov-2017,886.55,898.0,924.9,888.0,907.0,902.05,908.67,177000,160834991.9,8128,85065,48.06
MINDAIND,EQ,03-Nov-2017,902.05,903.0,914.25,878.0,901.85,910.35,900.17,89254,80343787.4,3911,46242,51.81
MINDAIND,EQ,06-Nov-2017,910.35,912.0,961.25,900.6,953.3,951.35,932.94,307011,286421612.8,11755,229619,74.79
MINDAIND,EQ,07-Nov-2017,951.35,959.9,983.7,950.0,968.0,967.55,970.82,225372,218794583.4,8257,122292,54.26
MINDAIND,EQ,08-Nov-2017,967.55,960.5,969.0,930.0,939.9,936.35,948.52,45441,43101561.9,3152,25119,55.28
MINDAIND,EQ,09-Nov-2017,936.35,942.0,953.5,930.15,942.0,941.6,940.86,52210,49122319.0,2456,27236,52.17
MINDAIND,EQ,10-Nov-2017,941.6,946.0,972.0,945.65,959.0,955.65,959.75,56563,54286253.15,3326,34964,61.81
MINDAIND,EQ,13-Nov-2017,955.65,975.0,995.0,952.0,988.0,977.25,972.68,258247,251192314.9,7187,163024,63.13
MINDAIND,EQ,14-Nov-2017,977.25,998.0,1044.4,988.85,1039.0,1035.85,1016.89,254300,258595477.35,12598,96558,37.97
MINDAIND,EQ,15-Nov-2017,1035.85,1039.0,1080.0,1015.0,1040.0,1037.55,1056.05,167460,176845454.9,12001,56784,33.91
MINDAIND,EQ,16-Nov-2017,1037.55,1030.55,1050.0,1030.0,1039.4,1035.95,1041.11,54473,56712506.65,3469,29188,53.58
MINDAIND,EQ,17-Nov-2017,1035.95,1045.95,1080.0,1032.65,1063.0,1053.0,1053.22,222636,234484300.7,9877,163898,73.62
MINDAIND,EQ,20-Nov-2017,1053.0,1064.8,1099.7,1050.0,1099.0,1097.4,1085.21,131646,142863114.45,9147,59337,45.07
MINDAIND,EQ,21-Nov-2017,1097.4,1105.0,1174.8,1080.0,1133.0,1135.7,1136.0,297252,337678398.75,14916,89582,30.14
MINDAIND,EQ,22-Nov-2017,1135.7,1148.9,1172.95,1088.0,1107.0,1102.4,1137.75,205989,234363710.65,14424,88546,42.99
MINDAIND,EQ,23-Nov-2017,1102.4,1095.55,1144.95,1095.55,1111.0,1117.75,1123.91,115780,130125788.5,11001,52576,45.41
MINDAIND,EQ,24-Nov-2017,1117.75,1124.45,1158.9,1115.0,1158.9,1146.25,1145.35,127382,145897287.0,11598,69277,54.39
MINDAIND,EQ,27-Nov-2017,1146.25,1146.25,1198.0,1144.6,1195.0,1188.9,1175.74,175629,206493977.0,13156,90196,51.36
MINDAIND,EQ,28-Nov-2017,1188.9,1200.0,1222.9,1182.0,1191.4,1196.2,1204.88,163785,197342076.8,9508,68416,41.77
MINDAIND,EQ,29-Nov-2017,1196.2,1197.0,1214.0,1172.55,1177.75,1181.05,1195.98,105960,126725946.8,7006,51291,48.41
MINDAIND,EQ,30-Nov-2017,1181.05,1181.0,1284.7,1175.0,1275.1,1243.6,1231.22,366063,450705511.5,17876,255088,69.68
MINDAIND,EQ,01-Dec-2017,1243.6,1276.9,1292.95,1228.0,1247.0,1247.45,1262.14,224423,283252983.9,14376,95624,42.61
MINDAIND,EQ,04-Dec-2017,1247.45,1275.0,1275.0,1190.0,1197.85,1203.45,1231.14,115251,141889955.6,7022,54050,46.9
MINDAIND,EQ,05-Dec-2017,1203.45,1203.0,1203.0,1106.85,1123.3,1130.95,1139.93,206933,235889520.75,13138,101270,48.94
MINDAIND,EQ,06-Dec-2017,1130.95,1115.0,1152.5,1085.7,1105.9,1103.7,1116.18,185900,207498676.85,9886,77443,41.66
MINDAIND,EQ,07-Dec-2017,1103.7,1100.05,1144.45,1100.05,1120.0,1122.2,1125.79,82491,92867942.15,7697,38717,46.93
MINDAIND,EQ,08-Dec-2017,1122.2,1119.25,1150.1,1117.0,1124.0,1126.8,1135.01,96454,109476579.6,7620,45058,46.71
MINDAIND,EQ,11-Dec-2017,1126.8,1135.0,1154.95,1126.15,1128.0,1133.95,1143.46,70103,80160220.75,5103,42961,61.28
MINDAIND,EQ,12-Dec-2017,1133.95,1141.95,1147.65,1121.05,1127.15,1127.15,1135.84,64794,73595466.75,8219,36939,57.01
MINDAIND,EQ,13-Dec-2017,1127.15,1135.0,1140.0,1105.0,1115.0,1114.0,1117.47,172189,192416192.9,10932,122157,70.94
MINDAIND,EQ,14-Dec-2017,1114.0,1121.0,1144.45,1097.0,1100.25,1104.85,1116.53,253208,282714100.35,6565,204431,80.74
MINDAIND,EQ,15-Dec-2017,1104.85,1113.85,1147.0,1101.0,1139.0,1139.25,1127.76,259951,293161748.7,9157,178949,68.84
MINDAIND,EQ,18-Dec-2017,1139.25,1144.0,1193.95,1102.0,1190.55,1178.05,1171.05,188461,220697104.85,12712,106220,56.36
MINDAIND,EQ,19-Dec-2017,1178.05,1202.0,1255.0,1176.5,1242.0,1232.1,1221.08,151240,184675687.5,10263,65878,43.56
MINDAIND,EQ,20-Dec-2017,1232.1,1249.0,1325.0,1240.0,1312.0,1299.35,1293.58,264097,341630816.95,11717,117338,44.43
MINDAIND,EQ,21-Dec-2017,1299.35,1325.0,1338.25,1296.0,1310.0,1304.45,1317.98,107585,141795263.4,7690,51166,47.56
MINDAIND,EQ,22-Dec-2017,1304.45,1328.9,1328.9,1285.6,1313.4,1316.25,1310.26,112074,146846165.7,7314,58217,51.95
MINDAIND,EQ,26-Dec-2017,1316.25,1325.0,1325.0,1276.0,1282.0,1287.75,1296.87,76623,99370180.15,4007,33651,43.92
MINDAIND,EQ,27-Dec-2017,1287.75,1299.85,1317.7,1273.6,1292.1,1292.9,1301.06,104099,135438741.25,6154,42795,41.11
MINDAIND,EQ,28-Dec-2017,1292.9,1303.0,1315.0,1287.0,1291.0,1293.5,1298.99,71807,93276669.1,2732,35832,49.9
MINDAIND,EQ,29-Dec-2017,1293.5,1295.0,1298.95,1276.05,1285.0,1286.4,1289.76,49953,64427493.1,2801,23622,47.29
MINDAIND,EQ,01-Jan-2018,1286.4,1294.0,1308.75,1265.3,1277.35,1277.3,1291.82,38606,49871831.55,2727,16648,43.12
MINDAIND,EQ,02-Jan-2018,1277.3,1304.8,1304.8,1252.0,1282.0,1276.25,1273.18,93085,118514055.6,4339,33903,36.42
MINDAIND,EQ,03-Jan-2018,1276.25,1288.25,1289.0,1248.1,1250.0,1253.3,1267.28,49361,62554401.25,2688,26315,53.31
MINDAIND,EQ,04-Jan-2018,1253.3,1260.35,1262.95,1220.0,1255.0,1251.55,1237.49,121471,150319744.15,5130,55763,45.91
MINDAIND,EQ,05-Jan-2018,1251.55,1261.4,1276.0,1254.05,1270.0,1270.7,1264.56,42601,53871407.5,2877,25734,60.41
MINDAIND,EQ,08-Jan-2018,1270.7,1277.6,1309.95,1264.0,1270.6,1268.65,1282.62,80507,103259836.15,4080,37146,46.14
MINDAIND,EQ,09-Jan-2018,1268.65,1274.95,1278.7,1241.0,1246.0,1248.55,1258.59,109336,137609569.3,5455,78783,72.06
MINDAIND,EQ,10-Jan-2018,1248.55,1250.0,1286.0,1235.0,1270.7,1277.45,1263.98,75585,95538228.05,9755,44241,58.53
MINDAIND,EQ,11-Jan-2018,1277.45,1277.45,1277.45,1255.05,1266.0,1269.1,1265.14,58752,74329382.85,4507,31746,54.03
MINDAIND,EQ,12-Jan-2018,1269.1,1269.9,1283.0,1225.05,1239.0,1239.6,1252.3,77949,97615281.2,4606,43168,55.38
MINDAIND,EQ,15-Jan-2018,1239.6,1242.3,1261.95,1227.0,1231.6,1238.2,1241.86,79051,98170660.95,3696,42129,53.29
MINDAIND,EQ,16-Jan-2018,1238.2,1244.9,1244.9,1215.0,1232.5,1230.2,1226.28,40800,50032049.55,2991,22992,56.35
MINDAIND,EQ,17-Jan-2018,1230.2,1235.0,1260.05,1186.0,1260.0,1249.6,1224.02,52177,63865545.8,3302,29188,55.94
MINDAIND,EQ,18-Jan-2018,1249.6,1260.0,1344.0,1250.15,1301.3,1294.65,1310.79,255225,334546529.5,21454,145115,56.86
MINDAIND,EQ,19-Jan-2018,1294.65,1309.8,1314.15,1270.55,1298.1,1291.15,1302.84,89937,117173334.2,6123,51842,57.64
MINDAIND,EQ,22-Jan-2018,1291.15,1301.0,1301.65,1283.0,1298.0,1295.75,1294.99,32801,42476843.25,2807,20841,63.54
MINDAIND,EQ,23-Jan-2018,1295.75,1295.0,1305.95,1274.1,1287.0,1289.6,1293.46,84536,109344302.4,4968,66703,78.9
MINDAIND,EQ,24-Jan-2018,1289.6,1289.6,1338.0,1286.1,1338.0,1331.1,1314.76,108671,142875822.65,10562,64597,59.44
MINDAIND,EQ,25-Jan-2018,1331.1,1315.0,1358.0,1310.0,1322.85,1323.4,1339.46,163773,219367685.4,5224,95626,58.39
MINDAIND,EQ,29-Jan-2018,1323.4,1334.15,1334.15,1277.1,1290.0,1285.55,1294.95,86275,111722037.65,6111,50115,58.09
MINDAIND,EQ,30-Jan-2018,1285.55,1292.25,1292.25,1223.4,1227.9,1230.0,1246.59,93790,116917450.8,5110,54396,58.0
MINDAIND,EQ,31-Jan-2018,1230.0,1225.05,1249.45,1205.05,1239.1,1233.4,1224.29,96380,117997354.75,6212,50139,52.02
MINDAIND,EQ,01-Feb-2018,1233.4,1235.0,1277.45,1214.05,1272.0,1269.05,1248.3,78541,98042898.6,6619,51806,65.96
MINDAIND,EQ,02-Feb-2018,1269.05,1260.0,1260.0,1200.0,1215.0,1212.9,1217.4,139984,170415972.65,8312,95476,68.2
MINDAIND,EQ,05-Feb-2018,1212.9,1199.9,1199.95,1123.0,1150.0,1150.4,1152.96,179968,207496547.5,7593,124312,69.07
MINDAIND,EQ,06-Feb-2018,1150.4,1089.95,1136.95,1001.0,1076.0,1061.2,1053.13,387878,408485697.95,17622,194011,50.02
MINDAIND,EQ,07-Feb-2018,1061.2,1099.0,1168.95,1090.2,1091.0,1097.7,1109.14,422098,468166149.2,25364,272619,64.59
MINDAIND,EQ,08-Feb-2018,1097.7,1119.0,1135.9,1101.0,1117.0,1117.55,1119.62,123469,138238373.5,8055,55994,45.35
MINDAIND,EQ,09-Feb-2018,1117.55,1060.55,1140.0,1057.5,1097.9,1106.3,1111.43,112502,125037736.1,4292,47645,42.35
MINDAIND,EQ,12-Feb-2018,1106.3,1115.45,1198.0,1110.05,1195.0,1182.2,1145.98,120940,138595129.05,5691,57308,47.39
MINDAIND,EQ,14-Feb-2018,1182.2,1210.0,1227.5,1148.3,1154.7,1171.4,1193.7,149958,179004656.1,7371,71370,47.59
MINDAIND,EQ,15-Feb-2018,1171.4,1171.7,1181.05,1118.0,1118.0,1129.65,1152.32,74308,85626906.5,6120,37941,51.06
MINDAIND,EQ,16-Feb-2018,1129.65,1130.0,1145.0,1087.95,1094.9,1098.0,1113.8,73879,82286322.35,4918,30296,41.01
MINDAIND,EQ,19-Feb-2018,1098.0,1095.0,1105.65,1068.0,1091.0,1085.55,1083.62,49455,53590561.05,4689,24832,50.21
MINDAIND,EQ,20-Feb-2018,1085.55,1089.9,1117.4,1080.0,1100.0,1090.65,1100.36,90189,99240610.75,14248,46863,51.96
MINDAIND,EQ,21-Feb-2018,1090.65,1105.0,1113.5,1070.55,1096.0,1090.55,1090.51,46842,51081819.0,3656,22049,47.07
MINDAIND,EQ,22-Feb-2018,1090.55,1089.95,1094.85,1072.0,1080.0,1077.2,1082.89,96629,104638960.45,3023,77906,80.62
MINDAIND,EQ,23-Feb-2018,1077.2,1094.0,1109.45,1076.05,1103.1,1104.3,1094.12,63287,69243591.05,4090,27711,43.79
MINDAIND,EQ,26-Feb-2018,1104.3,1115.0,1129.7,1103.15,1122.0,1121.2,1118.87,59575,66656653.85,3005,37876,63.58
MINDAIND,EQ,27-Feb-2018,1121.2,1131.8,1145.35,1120.0,1122.6,1126.35,1129.67,101010,114108029.6,7777,50924,50.41
MINDAIND,EQ,28-Feb-2018,1126.35,1125.0,1142.0,1095.6,1132.0,1128.55,1111.66,148656,165255386.5,7922,88128,59.28
MINDAIND,EQ,01-Mar-2018,1128.55,1128.55,1180.0,1128.55,1160.0,1166.5,1167.12,177995,207742308.05,10839,77692,43.65
MINDAIND,EQ,05-Mar-2018,1166.5,1169.95,1187.0,1155.0,1186.0,1175.9,1172.89,92393,108366922.1,8998,55049,59.58
MINDAIND,EQ,06-Mar-2018,1175.9,1189.0,1200.0,1161.2,1168.0,1166.55,1183.27,73408,86861713.75,8005,43472,59.22
MINDAIND,EQ,07-Mar-2018,1166.55,1159.0,1160.0,1025.55,1147.0,1142.4,1112.7,222173,247211474.55,15752,87360,39.32
MINDAIND,EQ,08-Mar-2018,1142.4,1133.0,1160.0,1125.15,1149.5,1142.2,1145.17,83700,95850424.15,7179,38430,45.91
MINDAIND,EQ,09-Mar-2018,1142.2,1142.0,1156.7,1131.0,1136.0,1136.9,1144.7,57970,66358420.1,8763,36214,62.47
MINDAIND,EQ,12-Mar-2018,1136.9,1145.0,1159.45,1118.0,1138.0,1132.0,1128.27,126601,142839903.15,13778,89692,70.85
MINDAIND,EQ,13-Mar-2018,1132.0,1140.0,1140.0,1106.6,1129.0,1128.75,1129.4,106213,119957476.85,18127,72866,68.6
MINDAIND,EQ,14-Mar-2018,1128.75,1121.0,1126.85,1105.05,1111.95,1113.0,1119.38,135517,151695078.05,12173,107560,79.37
MINDAIND,EQ,15-Mar-2018,1113.0,1106.0,1116.9,1048.0,1056.0,1062.0,1074.11,166490,178829193.7,12749,124911,75.03
MINDAIND,EQ,16-Mar-2018,1062.0,1068.9,1068.9,1025.4,1036.55,1040.7,1042.46,556236,579852227.15,35079,454043,81.63
MINDAIND,EQ,19-Mar-2018,1040.7,1049.9,1055.45,983.0,990.0,996.2,1005.21,150115,150897074.0,9066,81675,54.41
MINDAIND,EQ,20-Mar-2018,996.2,985.0,1051.9,962.75,1029.45,1022.15,1031.96,533973,551036556.45,11753,370870,69.45
MINDAIND,EQ,21-Mar-2018,1022.15,1034.75,1058.65,1023.0,1050.0,1051.65,1046.38,104853,109715885.8,7845,45771,43.65
MINDAIND,EQ,22-Mar-2018,1051.65,1052.0,1058.9,1032.05,1052.0,1049.9,1048.83,148835,156102825.95,4522,89832,60.36
MINDAIND,EQ,23-Mar-2018,1049.9,1028.0,1070.0,1017.9,1052.0,1048.8,1028.45,188215,193570587.95,4120,135217,71.84
MINDAIND,EQ,26-Mar-2018,1048.8,1050.3,1079.0,1048.5,1054.15,1055.2,1064.99,232250,247344953.95,7109,183854,79.16
MINDAIND,EQ,27-Mar-2018,1055.2,1065.9,1071.0,1049.8,1054.9,1052.95,1059.53,38934,41251823.5,2533,17828,45.79
MINDAIND,EQ,28-Mar-2018,1052.95,1050.0,1085.0,1042.0,1085.0,1066.6,1059.16,43597,46176187.75,2113,27906,64.01
MINDAIND,EQ,02-Apr-2018,1066.6,1084.0,1124.95,1050.55,1122.0,1107.3,1079.92,82918,89544449.55,8070,36562,44.09
MINDAIND,EQ,03-Apr-2018,1107.3,1110.0,1150.0,1110.0,1145.0,1144.6,1134.45,88008,99840462.65,3857,53386,60.66
MINDAIND,EQ,04-Apr-2018,1144.6,1160.0,1160.0,1125.0,1128.0,1128.9,1134.27,50674,57477819.5,3808,33374,65.86
MINDAIND,EQ,05-Apr-2018,1128.9,1140.0,1145.5,1125.05,1143.95,1133.9,1134.89,59370,67378368.8,2624,41737,70.3
MINDAIND,EQ,06-Apr-2018,1133.9,1134.1,1149.45,1119.55,1125.0,1129.2,1135.24,43051,48873169.65,2640,29712,69.02
MINDAIND,EQ,09-Apr-2018,1129.2,1144.5,1144.5,1118.0,1123.0,1126.35,1126.91,49380,55646572.1,3496,33612,68.07
MINDAIND,EQ,10-Apr-2018,1126.35,1126.35,1140.0,1116.9,1121.85,1121.6,1126.81,42839,48271442.0,3855,18992,44.33
MINDAIND,EQ,11-Apr-2018,1121.6,1122.0,1148.8,1118.0,1130.0,1124.25,1132.33,86395,97827772.7,4915,40095,46.41
MINDAIND,EQ,12-Apr-2018,1124.25,1134.95,1140.0,1117.3,1133.9,1132.75,1129.59,39538,44661709.7,1999,20068,50.76
MINDAIND,EQ,13-Apr-2018,1132.75,1139.4,1143.0,1118.5,1130.0,1130.45,1129.3,70752,79900010.0,3098,53930,76.22
MINDAIND,EQ,16-Apr-2018,1130.45,1128.0,1134.0,1120.05,1130.0,1130.65,1128.42,53656,60546730.85,2030,42213,78.67
MINDAIND,EQ,17-Apr-2018,1130.65,1128.1,1135.0,1125.0,1134.1,1133.55,1130.22,78379,88585750.65,1935,66808,85.24
MINDAIND,EQ,18-Apr-2018,1133.55,1137.75,1138.4,1112.0,1130.0,1127.6,1126.53,43977,49541465.8,3068,30425,69.18
MINDAIND,EQ,19-Apr-2018,1127.6,1127.9,1143.8,1115.0,1131.4,1137.1,1126.6,29927,33715681.15,2040,17602,58.82
MINDAIND,EQ,20-Apr-2018,1137.1,1137.05,1158.85,1123.0,1150.0,1140.6,1135.51,40318,45781312.45,2179,24088,59.75
MINDAIND,EQ,23-Apr-2018,1140.6,1152.0,1152.0,1127.05,1134.5,1137.05,1141.19,61820,70548353.75,2649,41833,67.67
MINDAIND,EQ,24-Apr-2018,1137.05,1149.0,1160.0,1113.0,1120.0,1117.4,1124.79,71369,80275213.85,6584,42253,59.2
MINDAIND,EQ,25-Apr-2018,1117.4,1117.4,1127.0,1101.1,1115.0,1115.9,1111.81,45508,50596440.4,3320,29479,64.78
MINDAIND,EQ,26-Apr-2018,1115.9,1115.9,1125.0,1100.0,1111.85,1120.45,1115.11,35490,39575285.9,1860,22796,64.23
MINDAIND,EQ,27-Apr-2018,1120.45,1120.45,1129.65,1114.25,1121.8,1120.6,1121.13,17618,19752021.4,1573,10178,57.77
MINDAIND,EQ,30-Apr-2018,1120.6,1124.35,1126.0,1081.0,1115.7,1103.15,1102.96,53271,58755998.35,3554,36940,69.34
MINDAIND,EQ,02-May-2018,1103.15,1105.0,1111.9,1061.2,1069.95,1070.7,1091.78,151177,165052166.6,8746,127360,84.25
MINDAIND,EQ,03-May-2018,1070.7,1072.8,1086.9,1050.5,1073.0,1079.85,1072.89,40018,42934989.05,2482,24093,60.21
MINDAIND,EQ,04-May-2018,1079.85,1080.0,1109.0,1069.1,1099.4,1097.8,1093.56,42829,46836214.6,2569,24911,58.16
MINDAIND,EQ,07-May-2018,1097.8,1090.0,1099.45,1076.6,1090.0,1094.6,1089.62,36208,39452899.1,2366,20331,56.15
MINDAIND,EQ,08-May-2018,1094.6,1081.05,1092.2,1060.0,1060.05,1070.05,1072.52,65485,70233824.45,3887,48576,74.18
MINDAIND,EQ,09-May-2018,1070.05,1074.7,1074.7,1050.25,1065.0,1066.9,1061.94,41052,43594674.65,4155,24312,59.22
MINDAIND,EQ,10-May-2018,1066.9,1063.85,1067.45,1050.0,1065.0,1062.2,1059.77,21044,22301793.8,1546,8704,41.36
MINDAIND,EQ,11-May-2018,1062.2,1073.95,1099.0,1056.0,1093.95,1091.95,1081.85,38267,41399244.9,3307,21174,55.33
MINDAIND,EQ,14-May-2018,1091.95,1097.0,1097.45,1060.0,1072.0,1072.5,1072.08,23915,25638813.55,1674,12055,50.41
MINDAIND,EQ,15-May-2018,1072.5,1071.0,1087.9,1070.0,1081.0,1082.4,1077.55,20176,21740743.65,1085,10432,51.7
MINDAIND,EQ,16-May-2018,1082.4,1078.0,1098.0,1060.55,1090.0,1090.4,1083.08,22548,24421238.0,1715,13259,58.8
MINDAIND,EQ,17-May-2018,1090.4,1090.0,1129.45,1086.3,1107.0,1107.1,1104.7,24598,27173495.3,2735,12276,49.91
MINDAIND,EQ,18-May-2018,1107.1,1106.55,1126.0,1100.55,1121.0,1118.55,1114.16,43536,48506013.75,3506,19690,45.23
MINDAIND,EQ,21-May-2018,1118.55,1107.35,1153.0,1081.2,1092.0,1088.45,1112.71,211972,235863698.4,6471,132370,62.45
MINDAIND,EQ,22-May-2018,1088.45,1091.0,1137.9,1090.0,1125.0,1124.25,1120.73,122824,137652288.3,5083,60994,49.66
MINDAIND,EQ,23-May-2018,1124.25,1170.0,1305.0,1165.0,1276.7,1283.55,1254.46,1371459,1720435907.05,60739,287035,20.93
MINDAIND,EQ,24-May-2018,1283.55,1310.0,1350.0,1252.5,1289.0,1277.95,1304.1,683132,890870739.85,37869,141089,20.65
MINDAIND,EQ,25-May-2018,1277.95,1289.0,1308.0,1280.0,1298.95,1297.6,1295.08,172840,223842063.7,11622,76485,44.25
MINDAIND,EQ,28-May-2018,1297.6,1300.0,1326.0,1295.25,1297.0,1300.35,1310.07,94157,123352589.7,7166,38292,40.67
MINDAIND,EQ,29-May-2018,1300.35,1304.0,1309.45,1255.55,1260.1,1267.35,1276.47,70616,90139393.45,4924,29578,41.89
MINDAIND,EQ,30-May-2018,1267.35,1260.1,1324.75,1235.0,1260.15,1271.15,1289.77,193504,249575858.35,11550,66521,34.38
MINDAIND,EQ,31-May-2018,1271.15,1271.0,1293.7,1251.9,1276.2,1277.6,1272.14,89386,113711065.05,6752,34815,38.95
MINDAIND,EQ,01-Jun-2018,1277.6,1262.1,1277.95,1230.55,1240.0,1243.0,1256.1,59999,75364563.1,5922,32502,54.17
MINDAIND,EQ,04-Jun-2018,1243.0,1250.5,1259.45,1215.95,1220.7,1222.6,1232.05,48331,59546142.25,4096,22929,47.44
MINDAIND,EQ,05-Jun-2018,1222.6,1222.0,1225.15,1111.0,1136.5,1130.35,1168.62,117060,136798955.1,8125,57340,48.98
MINDAIND,EQ,06-Jun-2018,1130.35,1130.0,1230.0,1100.0,1182.0,1182.25,1182.66,171254,202535345.1,12464,42227,24.66
MINDAIND,EQ,07-Jun-2018,1182.25,1197.75,1220.0,1190.0,1214.35,1216.85,1210.54,70584,85444755.65,8401,30659,43.44
MINDAIND,EQ,08-Jun-2018,1216.85,1216.85,1283.0,1202.1,1270.05,1269.05,1254.59,144917,181810797.65,8917,52567,36.27
MINDAIND,EQ,11-Jun-2018,1269.05,1280.0,1325.0,1280.0,1290.0,1297.85,1303.13,183592,239244012.3,13753,75699,41.23
MINDAIND,EQ,12-Jun-2018,1297.85,1298.8,1312.0,1265.5,1275.0,1271.95,1281.65,82868,106207966.8,5396,37397,45.13
MINDAIND,EQ,13-Jun-2018,1271.95,1277.45,1297.0,1249.0,1258.2,1254.3,1267.91,73314,92955622.2,5090,27792,37.91
MINDAIND,EQ,14-Jun-2018,1254.3,1259.75,1283.0,1247.05,1274.0,1274.9,1272.27,92438,117605871.4,5827,38319,41.45
MINDAIND,EQ,15-Jun-2018,1274.9,1275.85,1310.0,1271.25,1300.0,1298.0,1290.24,114725,148023152.85,8832,75739,66.02
MINDAIND,EQ,18-Jun-2018,1298.0,1304.95,1309.9,1276.15,1284.7,1286.85,1292.26,61001,78829195.15,4920,28518,46.75
MINDAIND,EQ,19-Jun-2018,1286.85,1285.0,1305.0,1265.05,1267.6,1268.8,1288.92,67705,87266129.45,3852,34482,50.93
MINDAIND,EQ,20-Jun-2018,1268.8,1276.3,1282.45,1230.0,1272.0,1266.4,1260.68,53345,67251112.4,4574,22448,42.08
MINDAIND,EQ,21-Jun-2018,1266.4,1269.1,1278.0,1260.0,1260.5,1264.65,1270.78,39332,49982491.85,3102,21045,53.51
MINDAIND,EQ,22-Jun-2018,1264.65,1265.0,1276.05,1250.15,1268.95,1272.15,1266.05,31023,39276654.65,2407,12985,41.86
MINDAIND,EQ,25-Jun-2018,1272.15,1260.15,1279.45,1260.0,1270.3,1270.95,1270.48,29756,37804293.6,2216,15920,53.5
MINDAIND,EQ,26-Jun-2018,1270.95,1270.45,1275.0,1251.3,1261.5,1262.85,1265.67,39263,49693808.8,2345,19357,49.3
MINDAIND,EQ,27-Jun-2018,1262.85,1260.0,1267.0,1226.0,1226.0,1234.1,1244.62,49950,62169000.75,4392,28507,57.07
MINDAIND,EQ,28-Jun-2018,1234.1,1234.1,1266.75,1234.1,1265.0,1253.5,1252.34,75330,94338997.95,5182,31324,41.58
MINDAIND,EQ,29-Jun-2018,1253.5,1265.0,1275.0,1257.0,1263.8,1264.3,1268.19,83883,106379575.85,4653,40288,48.03
MINDAIND,EQ,02-Jul-2018,1264.3,1265.0,1269.95,1234.75,1245.0,1239.8,1251.26,39897,49921442.55,2916,25493,63.9
MINDAIND,EQ,03-Jul-2018,1239.8,1249.05,1259.95,1230.55,1236.95,1238.75,1246.36,51837,64607687.7,2863,32122,61.97
MINDAIND,EQ,04-Jul-2018,1238.75,1238.75,1253.0,1235.0,1246.5,1244.15,1243.72,47639,59249714.8,1673,33072,69.42
MINDAIND,EQ,05-Jul-2018,1244.15,1254.0,1267.0,1248.8,1264.0,1262.7,1261.06,151434,190968111.35,2197,133407,88.1
MINDAIND,EQ,06-Jul-2018,1262.7,1264.0,1268.7,1241.1,1253.0,1250.85,1253.41,75086,94113246.3,3203,54804,72.99
MINDAIND,EQ,09-Jul-2018,1250.85,1265.0,1265.0,1250.0,1259.0,1259.2,1258.16,46973,59099447.6,1932,33025,70.31
MINDAIND,EQ,10-Jul-2018,1259.2,1264.0,1264.0,1240.0,1248.0,1247.25,1253.35,93440,117112683.25,3943,63787,68.27
MINDAIND,EQ,11-Jul-2018,1247.25,428.0,459.0,410.0,413.0,418.6,426.31,425963,181591990.6,14212,202860,47.62
MINDAIND,EQ,12-Jul-2018,418.6,427.95,429.9,418.6,421.1,422.1,423.44,112791,47759689.9,4845,58925,52.24
MINDAIND,EQ,13-Jul-2018,422.1,425.55,425.55,408.8,419.9,418.95,418.43,109453,45798198.05,4619,58810,53.73
MINDAIND,EQ,16-Jul-2018,418.95,424.9,427.85,414.0,419.0,418.75,419.4,134577,56441117.75,4503,55745,41.42
MINDAIND,EQ,17-Jul-2018,418.75,419.95,425.0,410.25,420.0,416.2,418.54,73491,30758687.65,2895,28304,38.51
MINDAIND,EQ,18-Jul-2018,416.2,420.05,421.95,411.0,413.0,412.75,416.91,79592,33182958.1,2144,52704,66.22
MINDAIND,EQ,19-Jul-2018,412.75,412.5,414.05,386.4,390.0,389.95,400.53,120700,48344278.8,4430,86073,71.31
MINDAIND,EQ,20-Jul-2018,389.95,391.5,399.75,375.6,393.2,391.75,390.91,122400,47847501.1,5219,55452,45.3
MINDAIND,EQ,23-Jul-2018,391.75,392.0,398.25,383.1,383.1,388.95,394.58,324584,128075024.2,6105,268849,82.83
MINDAIND,EQ,24-Jul-2018,388.95,387.85,399.0,384.3,397.0,395.25,394.69,133777,52800533.05,3986,69177,51.71
MINDAIND,EQ,25-Jul-2018,395.25,399.85,418.0,397.95,416.0,414.1,412.3,311801,128554428.95,9151,174185,55.86
MINDAIND,EQ,26-Jul-2018,414.1,419.0,432.0,418.0,423.0,421.0,424.65,240546,102147831.65,7227,79451,33.03
MINDAIND,EQ,27-Jul-2018,421.0,424.15,424.15,402.0,403.0,404.1,408.75,205309,83920333.4,6805,152893,74.47
MINDAIND,EQ,30-Jul-2018,404.1,406.9,414.0,397.35,404.0,403.45,405.2,118097,47852315.85,5163,57859,48.99
MINDAIND,EQ,31-Jul-2018,403.45,404.95,406.45,398.95,405.0,404.7,404.53,139175,56299957.55,3525,109538,78.71
MINDAIND,EQ,01-Aug-2018,404.7,407.0,415.0,405.55,413.4,412.35,411.31,89646,36871966.8,4041,49685,55.42
MINDAIND,EQ,02-Aug-2018,412.35,410.0,416.1,405.1,408.4,409.15,409.09,129324,52904743.6,2685,93994,72.68
MINDAIND,EQ,03-Aug-2018,409.15,410.0,415.6,409.05,412.9,411.05,412.13,76955,31715102.55,3051,51230,66.57
MINDAIND,EQ,06-Aug-2018,411.05,413.9,420.0,412.2,419.9,419.9,419.23,486676,204026870.2,3975,439392,90.28
MINDAIND,EQ,07-Aug-2018,419.9,424.8,424.8,415.3,420.0,419.85,419.0,147269,61705656.3,4009,98566,66.93
MINDAIND,EQ,08-Aug-2018,419.85,423.9,449.9,420.1,424.6,424.55,433.47,1456858,631509858.5,31347,327815,22.5
MINDAIND,EQ,09-Aug-2018,424.55,427.0,429.9,415.0,416.0,416.7,422.6,257164,108678571.7,10140,119606,46.51
MINDAIND,EQ,10-Aug-2018,416.7,412.05,416.2,407.0,411.1,409.7,412.42,104705,43182608.9,3053,56023,53.51
MINDAIND,EQ,13-Aug-2018,409.7,408.0,408.0,397.45,405.0,404.35,403.44,118710,47892432.4,3478,68079,57.35
MINDAIND,EQ,14-Aug-2018,404.35,407.2,419.0,407.1,416.0,417.25,414.51,105035,43537729.45,3964,59755,56.89
MINDAIND,EQ,16-Aug-2018,417.25,412.1,420.0,411.0,416.5,416.25,415.81,103285,42947374.05,4348,74063,71.71
MINDAIND,EQ,17-Aug-2018,416.25,419.6,422.0,415.55,416.5,418.35,419.06,128620,53900080.8,3109,96638,75.13
MINDAIND,EQ,20-Aug-2018,418.35,419.0,421.1,410.0,414.65,412.25,415.04,113958,47296871.2,5589,80211,70.39
MINDAIND,EQ,21-Aug-2018,412.25,415.5,415.5,405.0,408.5,406.25,409.43,166096,68004149.65,5984,135154,81.37
MINDAIND,EQ,23-Aug-2018,406.25,409.5,414.4,403.0,409.0,409.65,407.59,170534,69507309.0,7130,97705,57.29
MINDAIND,EQ,24-Aug-2018,409.65,410.0,412.0,396.95,400.0,400.35,405.26,163189,66134122.65,10777,110563,67.75
MINDAIND,EQ,27-Aug-2018,400.35,403.6,419.7,400.0,418.4,416.45,411.27,222636,91564062.75,5925,119285,53.58
MINDAIND,EQ,28-Aug-2018,416.45,419.95,430.0,416.0,425.0,425.3,424.06,722544,306398616.65,10630,440276,60.93
MINDAIND,EQ,29-Aug-2018,425.3,427.5,428.0,421.7,425.5,425.6,425.27,233272,99204054.95,6360,170514,73.1
MINDAIND,EQ,30-Aug-2018,425.6,429.95,439.9,423.5,431.5,430.95,431.38,242733,104711039.1,6429,143417,59.08
MINDAIND,EQ,31-Aug-2018,430.95,434.8,436.05,426.5,431.0,430.05,429.96,630189,270955097.9,9665,543379,86.22
MINDAIND,EQ,03-Sep-2018,430.05,425.0,436.5,424.5,431.8,432.05,433.13,250099,108325752.8,5449,189301,75.69
MINDAIND,EQ,04-Sep-2018,432.05,433.55,437.35,421.0,424.9,424.05,428.58,223805,95918849.75,6854,165861,74.11
MINDAIND,EQ,05-Sep-2018,424.05,422.95,424.75,414.0,419.9,420.25,419.01,145686,61043652.1,4692,88883,61.01
MINDAIND,EQ,06-Sep-2018,420.25,423.2,423.2,405.0,407.0,408.4,412.54,126933,52364308.85,3613,82897,65.31
MINDAIND,EQ,07-Sep-2018,408.4,408.3,411.95,403.1,404.9,405.0,408.09,133512,54484926.8,4722,76593,57.37
MINDAIND,EQ,10-Sep-2018,405.0,409.0,415.0,403.0,404.0,404.3,410.28,391450,160604691.45,12118,213253,54.48
MINDAIND,EQ,11-Sep-2018,404.3,407.25,407.3,395.0,396.1,396.1,400.63,143775,57600223.0,5519,91405,63.58
MINDAIND,EQ,12-Sep-2018,396.1,395.05,399.9,387.1,395.0,395.55,392.62,165898,65134710.15,6111,105126,63.37
MINDAIND,EQ,14-Sep-2018,395.55,400.0,400.6,392.9,394.0,394.3,396.43,175474,69563978.3,9417,128927,73.47
MINDAIND,EQ,17-Sep-2018,394.3,392.0,398.55,386.1,392.0,392.6,390.99,137637,53815151.65,4955,91903,66.77
MINDAIND,EQ,18-Sep-2018,392.6,392.0,394.0,383.2,384.8,384.9,387.28,116600,45156283.75,3873,73644,63.16
MINDAIND,EQ,19-Sep-2018,384.9,385.85,386.5,364.05,368.7,368.4,372.51,233358,86927366.05,9775,148199,63.51
MINDAIND,EQ,21-Sep-2018,368.4,371.7,383.0,360.0,376.85,375.85,374.79,1271027,476363888.5,18213,898519,70.69
MINDAIND,EQ,24-Sep-2018,375.85,375.0,378.65,358.25,363.0,361.9,364.79,220800,80546306.5,8468,134927,61.11
MINDAIND,EQ,25-Sep-2018,361.9,362.0,364.8,345.0,360.0,357.95,357.22,269075,96119743.25,6796,143260,53.24
MINDAIND,EQ,26-Sep-2018,357.95,370.0,388.0,365.05,368.5,367.85,372.44,752778,280366571.0,24901,295451,39.25
MINDAIND,EQ,27-Sep-2018,367.85,370.6,370.6,359.0,363.95,361.55,363.85,202500,73678970.15,10262,121073,59.79
MINDAIND,EQ,28-Sep-2018,361.55,364.0,369.8,344.4,354.9,353.2,354.81,388027,137674234.75,9595,279067,71.92
MINDAIND,EQ,01-Oct-2018,353.2,355.65,355.65,324.0,341.75,339.25,333.73,333032,111143876.15,7760,210853,63.31
MINDAIND,EQ,03-Oct-2018,339.25,344.9,354.0,335.0,344.0,339.9,340.9,192504,65624329.6,6534,97393,50.59
MINDAIND,EQ,04-Oct-2018,339.9,333.0,338.4,325.0,327.0,329.95,330.57,218265,72152330.1,7968,114190,52.32
MINDAIND,EQ,05-Oct-2018,329.95,329.95,339.4,319.05,326.0,327.25,331.43,688054,228039574.95,11183,617602,89.76
MINDAIND,EQ,08-Oct-2018,327.25,324.0,329.0,292.15,308.0,306.95,312.88,284894,89138944.75,13840,169138,59.37
MINDAIND,EQ,09-Oct-2018,306.95,308.75,310.0,295.0,298.9,299.3,298.1,451495,134591598.6,15095,346590,76.76
MINDAIND,EQ,10-Oct-2018,299.3,298.05,318.5,292.0,314.9,312.65,308.36,241137,74356919.6,13824,122225,50.69
MINDAIND,EQ,11-Oct-2018,312.65,302.0,309.0,292.2,306.0,304.65,303.95,191568,58227728.15,10950,116257,60.69
MINDAIND,EQ,12-Oct-2018,304.65,306.55,319.35,304.0,304.7,306.2,307.92,295196,90896227.0,16482,207839,70.41
MINDAIND,EQ,15-Oct-2018,306.2,307.65,315.0,300.0,314.95,312.35,307.21,168125,51649478.55,7413,108789,64.71
MINDAIND,EQ,16-Oct-2018,312.35,315.0,323.0,311.95,318.5,319.85,317.09,315103,99916072.35,9733,197963,62.82
MINDAIND,EQ,17-Oct-2018,319.85,325.35,328.1,313.1,318.45,316.65,322.05,109826,35369436.3,6877,56435,51.39
MINDAIND,EQ,19-Oct-2018,316.65,314.4,324.5,306.3,320.6,312.7,309.05,225022,69542439.55,16590,158651,70.5
MINDAIND,EQ,22-Oct-2018,312.7,313.95,318.8,308.75,314.0,313.8,313.24,73221,22935972.75,4996,35710,48.77
MINDAIND,EQ,23-Oct-2018,313.8,307.0,316.5,305.3,310.95,310.65,313.14,323746,101376210.9,6041,249450,77.05
MINDAIND,EQ,24-Oct-2018,310.65,316.45,318.0,309.7,312.0,312.15,312.95,58550,18323237.55,5373,30022,51.28
MINDAIND,EQ,25-Oct-2018,312.15,306.0,312.65,297.2,304.15,303.95,305.5,113621,34711037.25,5541,63912,56.25
MINDAIND,EQ,26-Oct-2018,303.95,304.25,308.5,301.3,305.9,305.1,305.15,200761,61262996.55,6652,161859,80.62
MINDAIND,EQ,29-Oct-2018,305.1,310.0,313.0,302.5,312.6,312.15,309.04,75334,23281188.25,3144,43287,57.46
MINDAIND,EQ,30-Oct-2018,312.15,314.0,370.0,310.5,315.4,315.85,315.53,121544,38350181.25,3984,85092,70.01
MINDAIND,EQ,31-Oct-2018,315.85,317.8,317.8,307.95,307.95,309.8,311.27,429175,133590380.05,3859,396813,92.46
MINDAIND,EQ,01-Nov-2018,309.8,312.3,315.0,310.0,313.0,312.7,312.23,174382,54448069.8,3745,109636,62.87
MINDAIND,EQ,02-Nov-2018,312.7,313.9,343.75,313.9,339.7,338.8,333.65,440722,147047898.9,13025,214642,48.7
MINDAIND,EQ,05-Nov-2018,338.8,342.0,346.9,332.55,340.4,340.75,340.43,341141,116133265.35,11011,129449,37.95
MINDAIND,EQ,06-Nov-2018,340.75,344.9,350.0,335.0,343.15,344.25,339.31,884871,300242261.35,5991,730905,82.6
MINDAIND,EQ,07-Nov-2018,344.25,348.6,349.5,345.0,349.0,348.2,347.62,28817,10017369.35,1133,19808,68.74
MINDAIND,EQ,09-Nov-2018,348.2,348.0,351.0,342.05,346.0,346.75,347.03,131132,45507265.3,2064,94489,72.06
MINDAIND,EQ,12-Nov-2018,346.75,342.25,350.0,338.85,346.85,348.85,346.04,81885,28335600.7,5121,39855,48.67
MINDAIND,EQ,13-Nov-2018,348.85,348.85,355.0,342.85,351.5,352.3,349.44,161587,56464611.7,7006,99900,61.82
MINDAIND,EQ,14-Nov-2018,352.3,351.5,359.7,351.1,359.25,356.85,355.61,259755,92372347.8,13686,209027,80.47
MINDAIND,EQ,15-Nov-2018,356.85,355.9,367.3,352.05,365.1,364.65,359.83,737147,265250533.25,6497,634768,86.11
MINDAIND,EQ,16-Nov-2018,364.65,364.65,364.8,356.0,359.0,358.5,359.51,110681,39790381.0,4187,78730,71.13
MINDAIND,EQ,19-Nov-2018,358.5,358.0,358.0,341.25,341.95,343.4,347.49,140193,48714975.1,6396,85739,61.16
MINDAIND,EQ,20-Nov-2018,343.4,343.0,344.5,319.1,320.0,321.05,328.88,181702,59757421.5,6652,104554,57.54
MINDAIND,EQ,21-Nov-2018,321.05,322.35,332.0,322.0,327.25,326.5,327.55,112720,36921839.45,4276,50169,44.51
MINDAIND,EQ,22-Nov-2018,326.5,328.1,334.8,327.5,334.0,333.55,331.72,113721,37724085.25,3037,55772,49.04
MINDAIND,EQ,26-Nov-2018,333.55,335.15,335.7,322.0,325.0,326.35,326.77,79313,25916727.4,3832,42110,53.09
MINDAIND,EQ,27-Nov-2018,326.35,327.3,327.3,319.5,320.0,320.9,321.87,89521,28814330.35,5050,53846,60.15
MINDAIND,EQ,28-Nov-2018,320.9,320.9,326.0,318.95,321.5,321.65,322.28,103661,33408283.65,4790,64327,62.06
MINDAIND,EQ,29-Nov-2018,321.65,321.3,329.5,321.15,321.35,323.7,324.93,87505,28432956.4,2964,57956,66.23
MINDAIND,EQ,30-Nov-2018,323.7,323.7,327.85,319.0,321.5,323.3,322.83,90067,29076216.5,3989,53692,59.61
MINDAIND,EQ,03-Dec-2018,323.3,325.85,331.0,321.25,330.0,329.75,325.57,188451,61353969.9,2899,133309,70.74
MINDAIND,EQ,04-Dec-2018,329.75,331.45,335.0,325.7,332.1,332.6,329.25,87859,28927462.45,2893,40256,45.82
MINDAIND,EQ,05-Dec-2018,332.6,332.6,343.8,327.35,328.0,331.55,336.58,126609,42613970.15,4501,58718,46.38
MINDAIND,EQ,06-Dec-2018,331.55,328.0,328.0,315.1,315.9,317.95,321.83,93478,30083889.25,4940,54627,58.44
MINDAIND,EQ,07-Dec-2018,317.95,317.95,328.0,299.0,325.05,322.15,311.96,209720,65424005.15,12513,97320,46.4
MINDAIND,EQ,10-Dec-2018,322.15,315.0,319.85,309.55,313.95,314.8,314.42,92091,28955411.95,5478,59432,64.54
MINDAIND,EQ,11-Dec-2018,314.8,312.9,324.4,309.0,321.0,320.8,318.97,114705,36586993.0,2612,63516,55.37
MINDAIND,EQ,12-Dec-2018,320.8,323.2,333.6,323.0,332.3,332.1,330.7,98569,32597048.3,2125,61666,62.56
MINDAIND,EQ,13-Dec-2018,332.1,330.2,334.0,329.25,331.3,332.15,331.65,87191,28917321.55,2340,41874,48.03
MINDAIND,EQ,14-Dec-2018,332.15,327.0,335.55,327.0,331.9,332.05,333.61,97366,32482448.55,3115,64535,66.28
MINDAIND,EQ,17-Dec-2018,332.05,335.0,335.5,326.5,330.9,331.0,329.71,90219,29746308.3,7408,61132,67.76
MINDAIND,EQ,18-Dec-2018,331.0,332.0,332.85,326.05,329.35,328.75,328.58,119880,39390614.6,3950,89171,74.38
MINDAIND,EQ,19-Dec-2018,328.75,326.0,335.0,326.0,329.05,332.55,332.3,59606,19806908.35,2613,32030,53.74
MINDAIND,EQ,20-Dec-2018,332.55,332.55,332.6,327.35,327.5,329.1,331.61,245245,81324715.4,1616,226068,92.18
MINDAIND,EQ,21-Dec-2018,329.1,332.95,332.95,320.0,323.6,323.9,323.66,358098,115900748.9,4296,304569,85.05
MINDAIND,EQ,24-Dec-2018,323.9,328.0,328.0,319.0,320.45,320.5,324.23,102408,33203250.5,2593,73995,72.26
MINDAIND,EQ,26-Dec-2018,320.5,320.5,324.15,310.6,319.0,320.45,318.23,67174,21376737.0,2569,36173,53.85
MINDAIND,EQ,27-Dec-2018,320.45,322.0,328.0,319.0,323.05,322.35,322.66,70265,22671845.05,4311,41434,58.97
MINDAIND,EQ,28-Dec-2018,322.35,320.1,325.6,320.1,323.0,323.1,323.28,81230,26260045.5,3337,48613,59.85
MINDAIND,EQ,31-Dec-2018,323.1,327.0,327.0,320.15,322.8,323.15,324.36,49303,15992049.35,1704,25783,52.29
MINDAIND,EQ,01-Jan-2019,323.15,320.0,326.8,320.0,323.0,323.9,323.57,44847,14511101.75,1758,25331,56.48
MINDAIND,EQ,02-Jan-2019,323.9,321.4,332.0,319.0,328.0,328.1,322.37,192001,61896214.05,2783,149283,77.75
MINDAIND,EQ,03-Jan-2019,328.1,330.15,331.55,324.15,330.0,330.45,329.42,63387,20880728.15,2371,38421,60.61
MINDAIND,EQ,04-Jan-2019,330.45,329.15,337.45,326.05,332.2,331.95,331.41,80115,26551291.65,3356,52217,65.18
MINDAIND,EQ,07-Jan-2019,331.95,334.0,334.0,321.15,324.0,323.7,329.98,145413,47983597.5,1803,118101,81.22
MINDAIND,EQ,08-Jan-2019,323.7,322.9,326.25,320.9,322.0,322.65,322.56,126540,40816569.55,1574,97081,76.72
MINDAIND,EQ,09-Jan-2019,322.65,326.0,326.7,313.0,316.0,317.0,317.65,154720,49146519.05,5446,107638,69.57
MINDAIND,EQ,10-Jan-2019,317.0,317.0,319.55,312.05,314.3,316.0,316.34,112824,35690954.45,3620,72845,64.57
MINDAIND,EQ,11-Jan-2019,316.0,317.95,318.0,311.0,313.0,314.2,316.28,100542,31799668.45,2937,78554,78.13
MINDAIND,EQ,14-Jan-2019,314.2,314.0,318.0,297.8,302.8,303.5,304.98,192387,58674156.45,8123,105382,54.78
MINDAIND,EQ,15-Jan-2019,303.5,303.65,309.95,303.0,306.5,308.55,307.45,113218,34808835.85,4688,68589,60.58
MINDAIND,EQ,16-Jan-2019,308.55,308.85,309.25,301.35,304.5,303.7,305.16,128921,39340942.95,5158,74307,57.64
MINDAIND,EQ,17-Jan-2019,303.7,304.95,312.95,304.0,304.25,305.2,307.93,132851,40908938.9,5848,63530,47.82
MINDAIND,EQ,18-Jan-2019,305.2,310.15,311.5,302.6,304.0,303.3,305.77,105734,32330380.4,4633,51622,48.82
MINDAIND,EQ,21-Jan-2019,303.3,305.2,312.0,301.25,302.5,302.6,306.68,171901,52718249.4,2706,97914,56.96
MINDAIND,EQ,22-Jan-2019,302.6,303.0,306.0,294.85,297.0,296.35,299.5,101728,30467706.2,4514,67373,66.23
MINDAIND,EQ,23-Jan-2019,296.35,296.4,299.95,293.0,294.9,294.6,296.81,85735,25446844.7,4265,54539,63.61
MINDAIND,EQ,24-Jan-2019,294.6,297.4,309.0,293.0,298.7,299.45,302.14,363961,109965597.55,8038,116298,31.95
MINDAIND,EQ,25-Jan-2019,299.45,301.4,303.75,291.0,292.0,292.65,295.71,208760,61732745.4,4785,148554,71.16
MINDAIND,EQ,28-Jan-2019,292.65,292.0,295.15,274.0,284.9,283.15,282.31,340898,96239300.8,12160,246064,72.18
MINDAIND,EQ,29-Jan-2019,283.15,281.0,288.85,276.2,282.7,283.1,284.43,95034,27030985.95,5706,51902,54.61
MINDAIND,EQ,30-Jan-2019,283.1,281.0,282.9,276.0,277.0,278.6,277.74,321652,89337047.2,6555,277289,86.21
MINDAIND,EQ,31-Jan-2019,278.6,277.4,281.2,276.3,277.9,279.85,279.18,66690,18618586.1,5066,33873,50.79
MINDAIND,EQ,01-Feb-2019,279.85,282.95,290.35,280.15,288.35,287.9,286.23,80309,22986692.05,5178,47535,59.19
MINDAIND,EQ,04-Feb-2019,287.9,289.9,295.15,287.0,290.85,291.35,291.11,56667,16496302.45,3382,35021,61.8
MINDAIND,EQ,05-Feb-2019,291.35,291.0,293.55,285.0,286.5,285.55,289.19,75198,21746526.5,4200,51959,69.1
MINDAIND,EQ,06-Feb-2019,285.55,286.55,291.8,277.0,286.4,286.95,285.02,205896,58684176.35,9470,70051,34.02
MINDAIND,EQ,07-Feb-2019,286.95,288.0,297.0,287.0,292.0,290.15,291.66,242693,70783634.15,10256,129468,53.35
MINDAIND,EQ,08-Feb-2019,290.15,290.5,292.05,281.35,284.45,283.45,286.76,135363,38817263.95,4857,112931,83.43
MINDAIND,EQ,11-Feb-2019,283.45,289.8,289.8,260.7,266.0,264.4,268.68,152462,40963847.6,5787,95515,62.65
MINDAIND,EQ,12-Feb-2019,264.4,265.0,269.35,265.0,269.0,268.05,267.44,283555,75833670.2,5025,208785,73.63
MINDAIND,EQ,13-Feb-2019,268.05,270.0,271.35,266.0,270.5,270.55,269.01,136971,36846745.75,3551,93480,68.25
MINDAIND,EQ,14-Feb-2019,270.55,271.35,279.9,270.25,275.0,274.1,275.1,142810,39287249.1,3126,75951,53.18
MINDAIND,EQ,15-Feb-2019,274.1,272.4,279.0,268.85,279.0,277.8,273.07,153241,41846157.65,5136,106022,69.19
MINDAIND,EQ,18-Feb-2019,277.8,280.0,280.0,271.05,274.1,274.0,273.96,100781,27609896.4,3248,62867,62.38
MINDAIND,EQ,19-Feb-2019,274.0,272.0,289.9,271.55,289.85,287.05,281.19,229097,64420427.35,5464,135752,59.26
MINDAIND,EQ,20-Feb-2019,287.05,289.25,332.5,288.0,327.0,325.5,319.48,2335284,746079549.8,50131,417955,17.9
MINDAIND,EQ,21-Feb-2019,325.5,325.5,328.7,312.0,318.0,317.95,318.28,498126,158543861.45,13445,84685,17.0
MINDAIND,EQ,22-Feb-2019,317.95,318.05,320.5,312.85,315.55,315.95,316.54,122289,38709710.8,5269,47000,38.43
MINDAIND,EQ,25-Feb-2019,315.95,315.05,319.4,311.25,314.05,314.65,316.92,75167,23822196.9,2265,39635,52.73
MINDAIND,EQ,26-Feb-2019,314.65,310.5,313.75,305.0,309.0,308.75,309.98,96037,29769395.9,3660,43387,45.18
MINDAIND,EQ,27-Feb-2019,308.75,310.0,333.0,309.5,316.0,316.35,323.35,355356,114903919.2,10433,99760,28.07
MINDAIND,EQ,28-Feb-2019,316.35,313.2,325.0,313.2,321.0,321.7,322.08,147183,47404228.85,4227,55142,37.46
MINDAIND,EQ,01-Mar-2019,321.7,320.5,327.9,320.05,322.45,323.05,324.23,91472,29658095.1,2685,42958,46.96
MINDAIND,EQ,05-Mar-2019,323.05,323.0,335.0,323.0,326.0,327.95,328.76,157921,51918528.0,10938,85893,54.39
MINDAIND,EQ,06-Mar-2019,327.95,331.6,335.95,330.0,333.25,331.65,332.65,142036,47248425.5,3656,78830,55.5
MINDAIND,EQ,07-Mar-2019,331.65,334.5,349.9,331.0,342.75,341.3,343.69,353330,121435573.9,10092,128355,36.33
MINDAIND,EQ,08-Mar-2019,341.3,341.0,349.9,338.45,341.35,340.65,344.23,181009,62308517.15,4347,52063,28.76
MINDAIND,EQ,11-Mar-2019,340.65,344.5,347.0,342.0,345.25,345.05,344.94,87976,30346725.6,3292,56306,64.0
MINDAIND,EQ,12-Mar-2019,345.05,348.0,354.95,344.15,354.0,352.6,349.05,247520,86397171.2,5579,170813,69.01
MINDAIND,EQ,13-Mar-2019,352.6,355.55,366.0,352.2,362.0,360.75,361.11,404274,145986569.7,6294,228515,56.52
MINDAIND,EQ,14-Mar-2019,360.75,360.0,369.9,355.55,360.95,360.0,362.47,214494,77747314.85,3965,96845,45.15
MINDAIND,EQ,15-Mar-2019,360.0,359.0,374.9,358.05,373.8,371.15,367.11,331750,121790027.8,7116,188091,56.7
MINDAIND,EQ,18-Mar-2019,371.15,372.0,374.7,357.0,359.95,359.15,361.04,319005,115174847.8,12409,193567,60.68
MINDAIND,EQ,19-Mar-2019,359.15,358.0,358.0,341.0,346.0,344.9,348.27,151234,52670225.75,5000,74991,49.59
MINDAIND,EQ,20-Mar-2019,344.9,351.1,363.0,347.0,350.1,350.6,354.33,256752,90975645.75,6797,89042,34.68
MINDAIND,EQ,22-Mar-2019,350.6,352.25,352.5,338.1,343.55,343.75,343.73,132675,45604823.65,4371,68975,51.99
MINDAIND,EQ,25-Mar-2019,343.75,342.95,356.3,335.1,346.0,347.25,348.66,166272,57972228.7,5189,62454,37.56
MINDAIND,EQ,26-Mar-2019,347.25,346.3,354.35,341.0,343.5,342.3,345.48,83739,28929983.95,2707,42854,51.18
MINDAIND,EQ,27-Mar-2019,342.3,345.0,349.5,335.1,336.9,339.3,339.06,133585,45293393.85,2962,88912,66.56
MINDAIND,EQ,28-Mar-2019,339.3,341.55,344.9,335.0,336.0,335.9,337.21,85612,28869321.25,3439,46714,54.56
MINDAIND,EQ,29-Mar-2019,335.9,337.8,338.25,325.0,328.0,326.4,331.38,135996,45065762.8,5343,88575,65.13
MINDAIND,EQ,01-Apr-2019,326.4,328.0,348.0,328.0,345.2,344.4,340.32,215019,73176115.8,6364,98450,45.79
MINDAIND,EQ,02-Apr-2019,344.4,346.0,347.95,339.0,342.0,341.0,344.18,86443,29751611.8,3191,40429,46.77
MINDAIND,EQ,03-Apr-2019,341.0,341.0,345.4,330.1,333.9,334.1,337.98,56604,19131154.3,2135,29597,52.29
MINDAIND,EQ,04-Apr-2019,334.1,334.5,342.5,331.15,340.5,339.95,336.37,86379,29054958.45,3390,46495,53.83
MINDAIND,EQ,05-Apr-2019,339.95,339.05,344.65,335.2,340.05,340.2,339.83,109049,37057653.3,2965,61190,56.11
MINDAIND,EQ,08-Apr-2019,340.2,340.0,347.95,339.1,345.5,345.35,343.23,83027,28497293.2,3890,50227,60.49
MINDAIND,EQ,09-Apr-2019,345.35,347.6,352.7,343.1,347.5,347.0,348.55,92112,32106097.9,3380,47236,51.28
MINDAIND,EQ,10-Apr-2019,347.0,347.0,350.0,338.5,340.0,340.85,343.92,54533,18755060.6,2330,29199,53.54
MINDAIND,EQ,11-Apr-2019,340.85,342.2,343.15,335.1,336.5,335.75,337.85,41597,14053621.45,1496,24844,59.73
MINDAIND,EQ,12-Apr-2019,335.75,334.25,341.55,330.45,337.6,338.55,335.55,87897,29494081.1,2662,39268,44.68
MINDAIND,EQ,15-Apr-2019,338.55,338.7,352.5,336.65,351.9,351.4,347.2,120387,41798379.05,5295,76847,63.83
MINDAIND,EQ,16-Apr-2019,351.4,354.3,382.35,351.9,378.0,376.45,370.04,512599,189683892.45,12041,190885,37.24
MINDAIND,EQ,18-Apr-2019,376.45,378.75,392.75,370.85,386.5,388.05,385.55,465605,179512185.15,11869,148148,31.82
MINDAIND,EQ,22-Apr-2019,388.05,384.0,389.0,376.25,378.0,378.95,380.88,159670,60814414.4,6371,78543,49.19
MINDAIND,EQ,23-Apr-2019,378.95,382.0,389.0,379.35,383.0,381.55,384.08,187993,72204698.4,6961,101009,53.73
MINDAIND,EQ,24-Apr-2019,381.55,383.95,386.8,376.55,379.0,379.35,380.57,139174,52965348.55,5080,78981,56.75
MINDAIND,EQ,25-Apr-2019,379.35,378.15,384.85,378.15,380.05,379.35,380.9,70028,26673390.05,2514,43900,62.69
MINDAIND,EQ,26-Apr-2019,379.35,376.3,379.45,370.0,373.0,373.55,374.07,71686,26815424.4,3039,44934,62.68
MINDAIND,EQ,30-Apr-2019,373.55,375.9,375.9,358.6,360.1,363.75,364.83,83788,30568385.4,4855,47819,57.07
MINDAIND,EQ,02-May-2019,363.75,359.0,360.1,340.1,343.0,342.75,350.11,120245,42099553.95,4807,79703,66.28
MINDAIND,EQ,03-May-2019,342.75,340.35,353.75,340.0,351.0,350.0,350.56,100996,35405272.4,3344,46719,46.26
MINDAIND,EQ,06-May-2019,350.0,342.0,354.85,341.9,354.4,351.6,350.96,73773,25891391.0,3394,36274,49.17
MINDAIND,EQ,07-May-2019,351.6,354.9,354.9,346.0,346.35,347.05,348.75,76556,26699093.0,6056,53021,69.26
MINDAIND,EQ,08-May-2019,347.05,350.0,352.0,346.0,350.0,350.35,349.79,41823,14629334.6,1764,25157,60.15
MINDAIND,EQ,09-May-2019,350.35,352.0,352.3,340.15,342.95,342.0,345.22,67267,23221949.6,2327,48953,72.77
MINDAIND,EQ,10-May-2019,342.0,344.75,349.9,340.0,347.0,345.15,345.18,88441,30527679.75,3123,47078,53.23
MINDAIND,EQ,13-May-2019,345.15,350.0,354.95,340.5,347.5,344.95,345.7,245445,84851053.15,11109,155350,63.29
